{
    "Capitals": [
        {
            "id": "67f54933-3724-b30f-c4ba-a063db308916",
            "worldPosition": {
                "x": 11414.822265625,
                "y": 8193.5234375,
                "z": 152.659912109375
            },
            "rotation": {
                "x": 0.0,
                "y": 0.0,
                "z": 0.0,
                "w": 1.0
            },
            "footprint": {
                "type": "Circle",
                "id": "c1ddb342-3de7-18e5-d766-84526be0d864",
                "radius": 0.0
            },
            "sliceName": "slices/POIs/Damned/BlankSpace_Damned",
            "sliceAssetId": "{EB9AA609-8085-57E0-9C1E-375AD6054071}:2",
            "cookie": {
                "innerRadius": 4.0,
                "outerRadius": 12.0,
                "maxHeightBlend": 1.0,
                "edgeNoise": 0.25,
                "groundNoiseScale": 0.25
            }
        },
        {
            "id": "4b3c336d-cfbb-3ac3-6698-8d691d48b151",
            "worldPosition": {
                "x": 11739.61328125,
                "y": 8946.7080078125,
                "z": 557.4227905273438
            },
            "rotation": {
                "x": 0.0,
                "y": 0.0,
                "z": 0.0,
                "w": 1.0
            },
            "footprint": {
                "type": "Circle",
                "id": "690096d9-a8f6-bac7-b4bc-ef9529fd05b7",
                "radius": 0.0
            },
            "sliceName": "slices/POIs/Damned/BlankSpace_Damned",
            "sliceAssetId": "{EB9AA609-8085-57E0-9C1E-375AD6054071}:2",
            "cookie": {
                "innerRadius": 20.0,
                "outerRadius": 45.0,
                "maxHeightBlend": 0.25,
                "edgeNoise": 0.20000000298023225,
                "groundNoiseScale": 0.25
            }
        }
    ]
}