{
    "Capitals": [
        {
            "id": "83db7619-f20c-8d5a-883b-772c6b0c06af",
            "worldPosition": {
                "x": 10750.400390625,
                "y": 5070.8623046875,
                "z": 91.28804016113281
            },
            "rotation": {
                "x": 0.0,
                "y": 0.0,
                "z": 0.0,
                "w": 1.0
            },
            "footprint": {
                "type": "Rectangle",
                "id": "b7f35e6f-ac7d-9558-7ed1-470026c117e8",
                "width": 20.0,
                "height": 25.0
            },
            "sliceName": "slices/POIs/Test/BlankSpace_25m",
            "sliceAssetId": "{D78707C8-2993-5FDB-9BAF-22B48C2BC97A}:2"
        },
        {
            "id": "eebcb144-cf43-c448-8963-7070dcc99e2a",
            "worldPosition": {
                "x": 10741.720703125,
                "y": 5032.869140625,
                "z": 91.28804016113281
            },
            "rotation": {
                "x": 0.0,
                "y": 0.0,
                "z": 0.7071068286895752,
                "w": 0.7071067094802856
            },
            "footprint": {
                "type": "Rectangle",
                "id": "c06bf32a-de0d-e902-30fb-81543bac6d28",
                "width": 12.0,
                "height": 18.0
            },
            "sliceName": "slices/POIs/Test/BlankSpace_25m",
            "sliceAssetId": "{D78707C8-2993-5FDB-9BAF-22B48C2BC97A}:2"
        },
        {
            "id": "d48396a9-e4ca-8e9c-c55f-d65042f4b0e3",
            "worldPosition": {
                "x": 10748.0830078125,
                "y": 5049.44921875,
                "z": 91.28804016113281
            },
            "rotation": {
                "x": 0.0,
                "y": 0.0,
                "z": 0.0,
                "w": 1.0
            },
            "footprint": {
                "type": "Rectangle",
                "id": "7349214f-d682-a25f-7a23-bde6d0be1463",
                "width": 37.0,
                "height": 24.0
            },
            "sliceName": "slices/POIs/Test/BlankSpace_25m",
            "sliceAssetId": "{D78707C8-2993-5FDB-9BAF-22B48C2BC97A}:2"
        },
        {
            "id": "3dac502d-3be3-85d7-e5cc-6bd15341df11",
            "worldPosition": {
                "x": 10663.0,
                "y": 5036.0,
                "z": 111.12747955322266
            },
            "rotation": {
                "x": 0.0,
                "y": 0.0,
                "z": 0.0,
                "w": 1.0
            },
            "footprint": {
                "type": "Circle",
                "id": "880f041c-fa6a-7919-e4af-e230b34dee14",
                "radius": 10.0
            },
            "sliceName": "slices/POIs/Test/BlankSpace_25m",
            "sliceAssetId": "{D78707C8-2993-5FDB-9BAF-22B48C2BC97A}:2"
        },
        {
            "id": "e432060d-dffb-207a-5f20-5e8fd50f9b68",
            "worldPosition": {
                "x": 10655.5849609375,
                "y": 5051.61962890625,
                "z": 113.53958892822266
            },
            "rotation": {
                "x": 0.0,
                "y": 0.0,
                "z": 0.0,
                "w": 1.0
            },
            "scale": 0.4700000286102295,
            "footprint": {
                "type": "Circle",
                "id": "8d3eff4a-d5ca-534a-18ca-9adc90a19b82",
                "radius": 1.0
            },
            "sliceName": "slices/Terrain_Elements/Boulders/Coast/jav_cst_Boulder_Chaos_flat_b",
            "sliceAssetId": "{C6FBF787-A626-5274-A1C5-C265BF460C1A}:2"
        },
        {
            "id": "a00ee2f2-d906-6dfc-9299-35ddb5686cca",
            "worldPosition": {
                "x": 10679.5966796875,
                "y": 5035.8984375,
                "z": 109.49270629882813
            },
            "rotation": {
                "x": 0.0,
                "y": 0.0,
                "z": 0.0,
                "w": 1.0
            },
            "scale": 0.43240004777908327,
            "footprint": {
                "type": "Circle",
                "id": "10d14be0-2434-6423-261b-8bb338f523e7",
                "radius": 0.0
            },
            "sliceName": "slices/Terrain_Elements/Boulders/Coast/jav_cst_Boulder_Chaos_flat_b",
            "sliceAssetId": "{C6FBF787-A626-5274-A1C5-C265BF460C1A}:2"
        },
        {
            "id": "05cb5ce7-a3fb-e1ad-c738-5e482ca2ea8f",
            "worldPosition": {
                "x": 10663.701171875,
                "y": 5035.56396484375,
                "z": 110.99999237060547
            },
            "rotation": {
                "x": 0.0,
                "y": 0.0,
                "z": -0.6755901575088501,
                "w": 0.7372773885726929
            },
            "footprint": {
                "type": "Circle",
                "id": "58c561f5-a76c-3e95-81d7-a2ee4d6aaf47",
                "radius": 8.0
            },
            "sliceName": "slices/POIs/Camp/Syndicate/DrTheo_Research_Synd_Camp_A",
            "sliceAssetId": "{945EECC1-C78D-5431-88E9-8D58AB878C1B}:2",
            "cookie": {
                "innerRadius": 8.0,
                "outerRadius": 25.0,
                "maxHeightBlend": 1.0,
                "edgeNoise": 0.15000000596046449,
                "edgeNoiseFeatureSize": 4.0,
                "groundNoiseScale": 0.0
            },
            "params": {
                "HAS_VEG_COMPONENTS": "1"
            }
        },
        {
            "id": "0c182b52-51b1-13d8-a2cc-9d63eefc0142",
            "worldPosition": {
                "x": 10678.412109375,
                "y": 5029.17529296875,
                "z": 99.0479736328125
            },
            "rotation": {
                "x": 0.0,
                "y": 0.0,
                "z": 0.9659258723258972,
                "w": 0.2588188648223877
            },
            "scale": 1.1500000953674317,
            "footprint": {
                "type": "Circle",
                "id": "b30d04c6-f06d-e3b0-4ecd-04d8262b136e",
                "radius": 5.0
            },
            "sliceName": "slices/Terrain_Elements/Boulders/Coast/jav_cst_Boulder_Chaos_small_b",
            "sliceAssetId": "{7BBA9E3E-EBB6-54F7-B45B-59D36738E952}:2"
        },
        {
            "id": "70b60451-c679-fadd-7290-b16355c6a6a3",
            "worldPosition": {
                "x": 10651.0576171875,
                "y": 5018.32568359375,
                "z": 112.61106872558594
            },
            "rotation": {
                "x": 0.0,
                "y": 0.0,
                "z": -0.7071065902709961,
                "w": 0.7071069478988648
            },
            "scale": 1.0999997854232789,
            "footprint": {
                "type": "Circle",
                "id": "5a271f44-75e7-13b6-59b4-0d0817ebada1",
                "radius": 1.0
            },
            "sliceName": "slices/Terrain_Elements/Boulders/Coast/jav_cst_Boulder_Chaos_small_b",
            "sliceAssetId": "{7BBA9E3E-EBB6-54F7-B45B-59D36738E952}:2"
        },
        {
            "id": "a9a17474-8b48-0337-b019-e418d54fc988",
            "worldPosition": {
                "x": 10684.310546875,
                "y": 5034.908203125,
                "z": 96.40596008300781
            },
            "rotation": {
                "x": 0.0,
                "y": 0.0,
                "z": -0.8660252690315247,
                "w": 0.5000002384185791
            },
            "scale": 1.311000108718872,
            "footprint": {
                "type": "Circle",
                "id": "79156114-1346-698c-3feb-1e78f9ff2be8",
                "radius": 0.0
            },
            "sliceName": "slices/Terrain_Elements/Boulders/Coast/jav_cst_Boulder_Chaos_small_b",
            "sliceAssetId": "{7BBA9E3E-EBB6-54F7-B45B-59D36738E952}:2"
        },
        {
            "id": "bb8cebaf-b6e9-d2ec-a9ca-5093db5a8fa2",