{
    "Capitals": [
        {
            "id": "15f9d2e6-c1d2-6e9b-bce9-b87e21f96583",
            "worldPosition": {
                "x": 8259.734375,
                "y": 781.4608154296875,
                "z": 70.37178802490235
            },
            "rotation": {
                "x": 0.0,
                "y": 0.0,
                "z": -0.5,
                "w": 0.8660253882408142
            },
            "scale": 0.6900001168251038,
            "footprint": {
                "type": "Circle",
                "id": "fc704a27-2f28-0811-cd7f-45f7b5b311c3",
                "radius": 1.0
            },
            "sliceName": "slices/POIs/EvilKnights/Evil_Knights_Flag_Banner_B",
            "sliceAssetId": "{917AF4FA-6870-54D3-87E4-6851DEEA2E60}:2"
        },
        {
            "id": "acd4bdc6-558f-8c4e-478c-7845eb64e412",
            "worldPosition": {
                "x": 8245.3974609375,
                "y": 817.84912109375,
                "z": 71.18411254882813
            },
            "rotation": {
                "x": 0.0,
                "y": 0.0,
                "z": 0.5735763907432556,
                "w": 0.8191520571708679
            },
            "scale": 0.6900001168251038,
            "footprint": {
                "type": "Circle",
                "id": "3a55591b-90ba-2d86-27e5-a42e6554d68b",
                "radius": 1.0
            },
            "sliceName": "slices/POIs/EvilKnights/Evil_Knights_Flag_Banner_B",
            "sliceAssetId": "{917AF4FA-6870-54D3-87E4-6851DEEA2E60}:2"
        },
        {
            "id": "063b3a95-8bed-5ed7-4d34-6d793f52926f",
            "worldPosition": {
                "x": 8273.7138671875,
                "y": 818.2462768554688,
                "z": 69.5045394897461
            },
            "rotation": {
                "x": 0.0,
                "y": 0.0,
                "z": -0.6087616682052612,
                "w": 0.7933531999588013
            },
            "footprint": {
                "type": "Rectangle",
                "id": "4c263a10-b245-f87d-0ab0-5905ef7eda19",
                "width": 8.0,
                "height": 8.0
            },
            "sliceName": "slices/POIs/EvilKnights/Evil_Knights_Tent_B",
            "sliceAssetId": "{4ECEC15E-E202-5D1C-8686-610C6A8D111E}:2",
            "cookie": {
                "innerRadius": 3.0,
                "outerRadius": 10.0,
                "maxHeightBlend": 1.0,
                "edgeNoise": 0.10000000149011612,
                "edgeNoiseFeatureSize": 1.0,
                "groundNoiseScale": 0.0
            },
            "params": {
                "HAS_VEG_COMPONENTS": "1"
            }
        },
        {
            "id": "6f0f4e92-c7b3-8354-52f6-0d3f6580a801",
            "worldPosition": {
                "x": 8252.91796875,
                "y": 821.0527954101563,
                "z": 70.76485443115235
            },
            "rotation": {
                "x": 0.0,
                "y": 0.0,
                "z": 0.42261847853660586,
                "w": 0.9063076972961426
            },
            "footprint": {
                "type": "Rectangle",
                "id": "03db48fe-8a65-8b35-52d4-bde5ebd18fc9",
                "width": 6.0,
                "height": 6.0
            },
            "sliceName": "slices/POIs/EvilKnights/Evil_Knights_Tent_A",
            "sliceAssetId": "{3C09EFF3-C34C-5E46-9D93-8B86BD0B72DB}:2",
            "cookie": {
                "innerRadius": 2.0,
                "outerRadius": 6.0,
                "maxHeightBlend": 1.0,
                "edgeNoise": 0.10000000149011612,
                "edgeNoiseFeatureSize": 1.0,
                "groundNoiseScale": 0.10000000149011612
            },
            "params": {
                "HAS_VEG_COMPONENTS": "1"
            }
        },
        {
            "id": "11544b3d-3eb7-1071-6ee5-541799adedc2",
            "worldPosition": {
                "x": 8248.837890625,
                "y": 784.8587646484375,
                "z": 71.25616455078125
            },
            "rotation": {
                "x": 0.0,
                "y": 0.0,
                "z": 0.08715575188398361,
                "w": 0.9961947202682495
            },
            "footprint": {
                "type": "Circle",
                "id": "6641cf96-c803-6af5-2fe1-160725e2db32",
                "radius": 1.0
            },
            "sliceName": "slices/POIs/EvilKnights/Evil_Knights_Flag_Banner_A",
            "sliceAssetId": "{D27518A3-8A91-56B2-ADB0-73A3E4F048A2}:2"
        },
        {
            "id": "22d707fe-57cd-5c26-8975-1ecdbf5caae2",
            "worldPosition": {
                "x": 8250.0146484375,
                "y": 810.7698364257813,
                "z": 70.42469024658203
            },
            "rotation": {
                "x": 0.0,
                "y": 0.0,
                "z": 0.7933534979820252,
                "w": 0.6087613105773926
            },
            "scale": 0.9999998807907105,
            "footprint": {
                "type": "Rectangle",
                "id": "37d4a187-2bae-b334-d3a9-2404ef9c889a",
                "width": 6.0,
                "height": 6.0
            },
            "sliceName": "slices/POIs/EvilKnights/Evil_Knights_Tent_C",
            "sliceAssetId": "{C0E57122-7838-5483-B31D-F229458A40AC}:2",
            "cookie": {
                "innerRadius": 4.0,
                "outerRadius": 6.0,
                "maxHeightBlend": 1.0,
                "edgeNoise": 0.10000000149011612,
                "edgeNoiseFeatureSize": 1.0,
                "groundNoiseScale": 0.10000000149011612
            },
            "params": {
                "HAS_VEG_COMPONENTS": "1"
            }
        },
        {
            "id": "e63a0c4f-98b1-4699-ce39-c74e1b080c91",
            "worldPosition": {
                "x": 8272.5771484375,
                "y": 802.5175170898438,
                "z": 70.63089752197266
            },
            "rotation": {
                "x": 0.0,
                "y": 0.0,
                "z": 0.9396926164627075,
                "w": -0.3420202136039734
            },
            "scale": 0.9999998807907105,
            "footprint": {
                "type": "Rectangle",
                "id": "c6ed1069-832b-2d77-b5c9-c73fd0864e27",
                "width": 6.0,
                "height": 6.0
            },
            "sliceName": "slices/POIs/EvilKnights/Evil_Knights_Tent_C",
            "sliceAssetId": "{C0E57122-7838-5483-B31D-F229458A40AC}:2",
            "cookie": {
                "innerRadius": 4.0,
                "outerRadius": 6.0,
                "maxHeightBlend": 1.0,
                "edgeNoise": 0.10000000149011612,
                "edgeNoiseFeatureSize": 1.0,
                "groundNoiseScale": 0.10000000149011612
            },
            "params": {
                "HAS_VEG_COMPONENTS": "1"
            }
        },
        {
            "id": "3e7af2cf-5d65-0a09-cd32-b5931f2aa8e5",
            "worldPosition": {
                "x": 8262.1181640625,
                "y": 814.1812744140625,
                "z": 70.80399322509766
            },
            "rotation": {
                "x": 0.0,
                "y": 0.0,
                "z": -0.5735764503479004,
                "w": 0.8191520571708679
            },
            "footprint": {
                "type": "Circle",
                "id": "6a8bd1ba-f1ce-820d-bdf9-4f8ff49ebcd5",
                "radius": 37.0
            },
            "sliceName": "CoatGen\\9cf90022\\evil_knights_cave_poi_a_3e7af2cf5d650a09cd32b5931f2aa8e5",
            "sliceAssetId": "{579E3CC8-11A9-5F2F-9999-413BD6173A6E}:2aa8e5",
            "params": {
                "FOOTPRINT_MESH_PATH": "/Assets/Objects/POIs/Terrain/Footprints/Natural/Den_cave_arena_B_footprint.obj",
                "HAS_VEG_COMPONENTS": "1"
            }
        },
        {
            "id": "391c7db8-b910-1816-3a9e-d1cddade3716",