{
    "Capitals": [
        {
            "id": "9ccae625-2db2-5044-a47a-6f82f9464415",
            "worldPosition": {
                "x": 12625.4384765625,
                "y": 6089.87109375,
                "z": 244.39952087402345
            },
            "rotation": {
                "x": 0.0,
                "y": 0.0,
                "z": 0.0,
                "w": 1.0
            },
            "footprint": {
                "type": "Circle",
                "id": "c849977b-1ae2-63f0-5448-2c5750f024fb",
                "radius": 40.0
            },
            "sliceName": "slices/POIs/Test/BlankSpace_10m",
            "sliceAssetId": "{0EED81EC-E37F-54F5-B2BB-67FC7365E631}:2",
            "cookie": {
                "innerRadius": 20.0,
                "outerRadius": 40.0,
                "maxHeightBlend": 1.0,
                "edgeNoise": 0.009999999776482582,
                "edgeNoiseFeatureSize": 0.009999999776482582,
                "groundNoiseScale": 0.009999999776482582
            }
        },
        {
            "id": "9f94ed8f-1275-a520-6cf8-3f3ab8ec70bc",
            "worldPosition": {
                "x": 12562.09765625,
                "y": 6099.5234375,
                "z": 247.96551513671876
            },
            "rotation": {
                "x": 0.0,
                "y": 0.0,
                "z": 0.0,
                "w": 1.0
            },
            "footprint": {
                "type": "Rectangle",
                "id": "b9336663-5019-91e1-8947-58697971d486",
                "width": 70.0,
                "height": 65.0
            },
            "sliceName": "slices/POIs/Test/BlankSpace_10m",
            "sliceAssetId": "{0EED81EC-E37F-54F5-B2BB-67FC7365E631}:2",
            "cookie": {
                "innerRadius": 20.0,
                "outerRadius": 35.0,
                "maxHeightBlend": 1.0,
                "edgeNoise": 0.009999999776482582,
                "edgeNoiseFeatureSize": 0.009999999776482582,
                "groundNoiseScale": 0.009999999776482582
            }
        },
        {
            "id": "5f9d233c-a151-7e6a-e884-b30e663fcf5c",
            "worldPosition": {
                "x": 12580.4970703125,
                "y": 6089.87109375,
                "z": 247.37062072753907
            },
            "rotation": {
                "x": 0.0,
                "y": 0.0,
                "z": 0.0,
                "w": 1.0
            },
            "footprint": {
                "type": "Circle",
                "id": "4a165152-fafe-f8a9-c67a-dfb381d952d6",
                "radius": 40.0
            },
            "sliceName": "slices/POIs/Test/BlankSpace_10m",
            "sliceAssetId": "{0EED81EC-E37F-54F5-B2BB-67FC7365E631}:2",
            "cookie": {
                "innerRadius": 20.0,
                "outerRadius": 40.0,
                "maxHeightBlend": 1.0,
                "edgeNoise": 0.009999999776482582,
                "edgeNoiseFeatureSize": 0.009999999776482582,
                "groundNoiseScale": 0.009999999776482582
            }
        },
        {
            "id": "1468b70b-65e2-a2cc-cba0-61bdd54560f8",
            "worldPosition": {
                "x": 12552.4140625,
                "y": 6094.24365234375,
                "z": 245.5830841064453
            },
            "rotation": {
                "x": 0.0,
                "y": 0.0,
                "z": 0.0,
                "w": 1.0
            },
            "footprint": {
                "type": "Circle",
                "id": "381b050a-8f11-df56-7162-f59ec6f75151",
                "radius": 40.0
            },
            "sliceName": "slices/POIs/Test/BlankSpace_10m",
            "sliceAssetId": "{0EED81EC-E37F-54F5-B2BB-67FC7365E631}:2",
            "cookie": {
                "innerRadius": 20.0,
                "outerRadius": 40.0,
                "maxHeightBlend": 1.0,
                "edgeNoise": 0.009999999776482582,
                "edgeNoiseFeatureSize": 0.009999999776482582,
                "groundNoiseScale": 0.009999999776482582
            }
        },
        {
            "id": "88b7d0f1-5acd-68d9-1544-579d7ba10a00",
            "worldPosition": {
                "x": 12517.2626953125,
                "y": 6089.36376953125,
                "z": 246.64022827148438
            },
            "rotation": {
                "x": 0.0,
                "y": 0.0,
                "z": 0.0,
                "w": 1.0
            },
            "footprint": {
                "type": "Rectangle",
                "id": "0c9d036a-894a-5135-0eb5-37e6b9b49852",
                "width": 140.0,
                "height": 90.0
            },
            "sliceName": "slices/POIs/Test/BlankSpace_10m",
            "sliceAssetId": "{0EED81EC-E37F-54F5-B2BB-67FC7365E631}:2",
            "cookie": {
                "innerRadius": 20.0,
                "outerRadius": 35.0,
                "maxHeightBlend": 1.0,
                "edgeNoise": 0.009999999776482582,
                "edgeNoiseFeatureSize": 0.009999999776482582,
                "groundNoiseScale": 0.009999999776482582
            }
        },
        {
            "id": "522bd4f7-0a82-8a20-711f-bf7576ef877c",
            "worldPosition": {
                "x": 12356.025390625,
                "y": 5428.6201171875,
                "z": 42.43225860595703
            },
            "rotation": {
                "x": -0.011394316330552102,
                "y": 0.04789747670292854,
                "z": 0.6706729531288147,
                "w": 0.7401174306869507
            },
            "footprint": {
                "type": "Circle",
                "id": "d582cb84-fc3e-fa0d-ef2f-24afc542c9f7",
                "radius": 1.5
            },
            "sliceName": "CoatGen\\b3751dbe\\Shopbarrel_Two_Group_A_522bd4f70a828a20711fbf7576ef877c",
            "sliceAssetId": "{001411EA-6000-5A77-8609-678517A43134}:ef877c"
        },
        {
            "id": "e2097a6d-4e4d-a8d0-b747-037c2791c3e6",
            "worldPosition": {
                "x": 12355.8994140625,
                "y": 5426.89794921875,
                "z": 42.57966232299805
            },
            "rotation": {
                "x": -0.011394316330552102,
                "y": 0.04789747670292854,
                "z": 0.6706729531288147,
                "w": 0.7401174306869507
            },
            "footprint": {
                "type": "Circle",
                "id": "1f777f68-f7d0-1ee1-2048-6df875d06be0",
                "radius": 1.5
            },
            "sliceName": "CoatGen\\b3751dbe\\Shopbarrel_Two_Group_A_e2097a6d4e4da8d0b747037c2791c3e6",
            "sliceAssetId": "{001411EA-6000-5A77-8609-678517A43134}:91c3e6"
        },
        {
            "id": "e9f708b7-bece-8274-5b11-9a99cd95aab4",
            "worldPosition": {
                "x": 12368.1748046875,
                "y": 5444.3134765625,
                "z": 39.45964050292969
            },
            "rotation": {
                "x": 0.0,
                "y": 0.0,
                "z": 0.9702957272529602,
                "w": 0.2419218122959137
            },
            "scale": 0.9999998211860657,
            "footprint": {
                "type": "Circle",
                "id": "cf3d80ed-04e7-0eff-2c59-e6b20a7128d5",
                "radius": 7.0
            },
            "sliceName": "slices/POIs/Assembly/Crafting/Architecture/Storage_Structures/struc_shed_platform_f",
            "sliceAssetId": "{293B9B56-3B94-5A13-8FE6-A0ABB590D948}:2",
            "params": {
                "HAS_VEG_COMPONENTS": "1"
            }
        },
        {
            "id": "ae5cd1eb-c7a7-a3d6-ad38-7e89d813d1ef",
            "worldPosition": {
                "x": 12368.404296875,
                "y": 5429.55615234375,
                "z": 38.6988410949707
            },
            "rotation": {
                "x": 0.03196228668093681,
                "y": 0.019488269463181497,
                "z": 0.9974351525306702,