{
    "Capitals": [
        {
            "id": "daa40e53-d890-bfd1-9735-6d4fc7e66a93",
            "worldPosition": {
                "x": 6064.50244140625,
                "y": 9618.3896484375,
                "z": 298.08001708984377
            },
            "rotation": {
                "x": 0.0,
                "y": 0.0,
                "z": 0.0,
                "w": 1.0
            },
            "footprint": {
                "type": "Circle",
                "id": "10fc1f9c-9124-5493-e063-2af39bb71093",
                "radius": 1.0
            },
            "sliceName": "slices/WorldBoss/WorldBoss_Cookie_Footprint_Master",
            "sliceAssetId": "{F391707C-6F83-5166-B097-9367AC7EA6D7}:2",
            "cookie": {
                "innerRadius": 12.0,
                "outerRadius": 35.0,
                "maxHeightBlend": 0.5,
                "edgeNoise": 0.10000000149011612,
                "edgeNoiseFeatureSize": 4.0,
                "groundNoiseScale": 0.05000000074505806
            }
        },
        {
            "id": "edea553b-1dab-ba3e-44d9-cde6a367c4c3",
            "worldPosition": {
                "x": 5288.81689453125,
                "y": 8463.9765625,
                "z": 172.6166229248047
            },
            "rotation": {
                "x": 0.0,
                "y": 0.0,
                "z": 0.0,
                "w": 1.0
            },
            "footprint": {
                "type": "Circle",
                "id": "2a09fe76-dcaf-564e-ce4e-3ef3d46053b1",
                "radius": 1.0
            },
            "sliceName": "CoatGen\\1c3d8455\\WinterConv_Activity_Gleamite_Projectile_Targets_Rapid_Master_edea553b1dabba3e44d9cde6a367c4c3",
            "sliceAssetId": "{8F8DFC25-9077-544E-A942-AB400C35950D}:67c4c3"
        },
        {
            "id": "5a7d7a6b-52f2-2976-6e6d-802c18687d21",
            "worldPosition": {
                "x": 5288.81689453125,
                "y": 8463.9765625,
                "z": 172.6166229248047
            },
            "rotation": {
                "x": 0.0,
                "y": 0.0,
                "z": 0.0,
                "w": 1.0
            },
            "footprint": {
                "type": "Circle",
                "id": "f4b586cc-24fd-3f89-9827-55e7dab60167",
                "radius": 1.0
            },
            "sliceName": "CoatGen\\1c3d8455\\WinterConv_Activity_Gleamite_Projectile_Targets_Master_5a7d7a6b52f229766e6d802c18687d21",
            "sliceAssetId": "{8F8DFC25-9077-544E-A942-AB400C35950D}:687d21"
        },
        {
            "id": "56b30c6b-c463-1888-6c2b-63f03452a554",
            "worldPosition": {
                "x": 4831.99951171875,
                "y": 8785.0,
                "z": 207.94068908691407
            },
            "rotation": {
                "x": 0.0,
                "y": 0.0,
                "z": 0.0,
                "w": 1.0
            },
            "footprint": {
                "type": "Circle",
                "id": "e64fc08f-1ab2-a3e7-84bd-5e98e373a986",
                "radius": 1.0
            },
            "sliceName": "CoatGen\\1c3d8455\\WinterConv_Activity_LostPresent_SpawnGroup_Rare_56b30c6bc46318886c2b63f03452a554",
            "sliceAssetId": "{8F8DFC25-9077-544E-A942-AB400C35950D}:52a554"
        }
    ]
}