{
    "Capitals": [
        {
            "id": "ffd84005-f5ec-bb37-53a4-c0fb7659ec1b",
            "worldPosition": {
                "x": 8259.984375,
                "y": 565.9654541015625,
                "z": 39.1513671875
            },
            "rotation": {
                "x": 0.0,
                "y": 0.0,
                "z": 0.0,
                "w": 1.0
            },
            "scale": 0.3499999940395355,
            "footprint": {
                "type": "Rectangle",
                "id": "fea4ac87-2606-f485-85b3-017d759c15e3",
                "width": 20.0,
                "height": 20.0
            },
            "sliceName": "slices/POIs/Pirate/Jav_Struc_Dungeon_Barnacle_Entrance_B",
            "sliceAssetId": "{46F88652-C441-55D1-8C7D-41AA84786ECC}:2"
        }
    ]
}