{
    "Capitals": [
        {
            "id": "9fb4b98d-a90f-41b4-a4a1-95b711c76a14",
            "worldPosition": {
                "x": 6678.46435546875,
                "y": 7581.5263671875,
                "z": 43.291507720947269
            },
            "rotation": {
                "x": 0.0,
                "y": 0.0,
                "z": 0.0,
                "w": 1.0
            },
            "footprint": {
                "type": "Circle",
                "id": "e39d3ce9-2417-056b-5415-5913eed2f39d",
                "radius": 0.0
            },
            "sliceName": "slices/POIs/Damned/BlankSpace_Damned",
            "sliceAssetId": "{EB9AA609-8085-57E0-9C1E-375AD6054071}:2",
            "cookie": {
                "innerRadius": 2.0,
                "outerRadius": 10.0,
                "maxHeightBlend": 0.6000000238418579,
                "edgeNoise": 0.009999999776482582,
                "edgeNoiseFeatureSize": 4.0,
                "groundNoiseScale": 0.009999999776482582
            }
        },
        {
            "id": "761962a5-f072-2d91-ed1d-9a1836f6dc0c",
            "worldPosition": {
                "x": 6689.01806640625,
                "y": 7619.6123046875,
                "z": 43.291507720947269
            },
            "rotation": {
                "x": 0.0,
                "y": 0.0,
                "z": 0.0,
                "w": 1.0
            },
            "footprint": {
                "type": "Circle",
                "id": "dbf8992b-8e39-b154-7447-c3c21eb0845e",
                "radius": 0.0
            },
            "sliceName": "slices/POIs/Damned/BlankSpace_Damned",
            "sliceAssetId": "{EB9AA609-8085-57E0-9C1E-375AD6054071}:2",
            "cookie": {
                "innerRadius": 2.0,
                "outerRadius": 10.0,
                "maxHeightBlend": 0.6000000238418579,
                "edgeNoise": 0.009999999776482582,
                "edgeNoiseFeatureSize": 4.0,
                "groundNoiseScale": 0.009999999776482582
            }
        },
        {
            "id": "f55efa2f-1222-c5fd-a35e-949037e6790f",
            "worldPosition": {
                "x": 6685.810546875,
                "y": 7592.2998046875,
                "z": 43.291507720947269
            },
            "rotation": {
                "x": 0.0,
                "y": 0.0,
                "z": 0.0,
                "w": 1.0
            },
            "footprint": {
                "type": "Circle",
                "id": "bad82e46-4d79-ef4e-0b35-8ca4310aabd1",
                "radius": 0.0
            },
            "sliceName": "slices/POIs/Damned/BlankSpace_Damned",
            "sliceAssetId": "{EB9AA609-8085-57E0-9C1E-375AD6054071}:2",
            "cookie": {
                "innerRadius": 2.0,
                "outerRadius": 10.0,
                "maxHeightBlend": 0.6000000238418579,
                "edgeNoise": 0.009999999776482582,
                "edgeNoiseFeatureSize": 4.0,
                "groundNoiseScale": 0.009999999776482582
            }
        },
        {
            "id": "6223139c-8812-650c-9cf8-4fa1e77839d2",
            "worldPosition": {
                "x": 6687.28564453125,
                "y": 7600.78173828125,
                "z": 43.291507720947269
            },
            "rotation": {
                "x": 0.0,
                "y": 0.0,
                "z": 0.0,
                "w": 1.0
            },
            "footprint": {
                "type": "Circle",
                "id": "5aee2958-a672-26e8-d4fb-fbfcb03ee723",
                "radius": 0.0
            },
            "sliceName": "slices/POIs/Damned/BlankSpace_Damned",
            "sliceAssetId": "{EB9AA609-8085-57E0-9C1E-375AD6054071}:2",
            "cookie": {
                "innerRadius": 2.0,
                "outerRadius": 10.0,
                "maxHeightBlend": 0.6000000238418579,
                "edgeNoise": 0.009999999776482582,
                "edgeNoiseFeatureSize": 4.0,
                "groundNoiseScale": 0.009999999776482582
            }
        },
        {
            "id": "fb143ab8-9f51-b686-c041-373b11db34a6",
            "worldPosition": {
                "x": 6686.82666015625,
                "y": 7608.890625,
                "z": 43.291507720947269
            },
            "rotation": {
                "x": 0.0,
                "y": 0.0,
                "z": 0.0,
                "w": 1.0
            },
            "footprint": {
                "type": "Circle",
                "id": "7316cf23-2bb2-c4f1-8117-0ada22045291",
                "radius": 0.0
            },
            "sliceName": "slices/POIs/Damned/BlankSpace_Damned",
            "sliceAssetId": "{EB9AA609-8085-57E0-9C1E-375AD6054071}:2",
            "cookie": {
                "innerRadius": 2.0,
                "outerRadius": 10.0,
                "maxHeightBlend": 0.6000000238418579,
                "edgeNoise": 0.009999999776482582,
                "edgeNoiseFeatureSize": 4.0,
                "groundNoiseScale": 0.009999999776482582
            }
        },
        {
            "id": "218b369b-749c-0d2e-d186-df2f85b0da66",
            "worldPosition": {
                "x": 6671.25927734375,
                "y": 7573.072265625,
                "z": 43.291507720947269
            },
            "rotation": {
                "x": 0.0,
                "y": 0.0,
                "z": 0.0,
                "w": 1.0
            },
            "footprint": {
                "type": "Circle",
                "id": "37b70102-e468-d0cd-fb66-1fb753c70649",
                "radius": 0.0
            },
            "sliceName": "slices/POIs/Damned/BlankSpace_Damned",
            "sliceAssetId": "{EB9AA609-8085-57E0-9C1E-375AD6054071}:2",
            "cookie": {
                "innerRadius": 2.0,
                "outerRadius": 10.0,
                "maxHeightBlend": 0.6000000238418579,
                "edgeNoise": 0.009999999776482582,
                "edgeNoiseFeatureSize": 4.0,
                "groundNoiseScale": 0.009999999776482582
            }
        },
        {
            "id": "21b8bb60-c918-4c77-2d9d-2d04940e8e39",
            "worldPosition": {
                "x": 6265.0029296875,
                "y": 7956.0078125,
                "z": 50.69527053833008
            },
            "rotation": {
                "x": 0.0,
                "y": 0.0,
                "z": 0.0,
                "w": 1.0
            },
            "footprint": {
                "type": "Circle",
                "id": "0f92a4ba-4bfc-54b3-67a0-0c18e8782f88",
                "radius": 0.009999999776482582
            },
            "sliceName": "slices/Terrain_Water/Desert_River_Plains_A",
            "sliceAssetId": "{A4C236CD-0BA6-5FC9-8D10-F8B26BEF5493}:2",
            "cookie": {
                "innerRadius": 0.00009999999747378752,
                "outerRadius": 0.00019999999494757503,
                "maxHeightBlend": 1.0
            },
            "params": {
                "HAS_WATER_COMPONENTS": "2"
            }
        },
        {
            "id": "f7bdc83e-19f5-6904-2288-257e1f621df6",
            "worldPosition": {
                "x": 8137.8515625,
                "y": 6686.357421875,
                "z": 170.4468231201172
            },
            "rotation": {
                "x": 0.0,
                "y": 0.0,
                "z": 0.0,
                "w": 1.0
            },
            "footprint": {
                "type": "Circle",
                "id": "5a6eade7-bb63-c3fe-7860-729a0d41f486",
                "radius": 0.0
            },
            "sliceName": "slices/Terrain_Water/Desert_Lake_Forest_A",
            "sliceAssetId": "{D7A7BA8C-31BE-5236-93A4-42591AF60397}:2",
            "params": {
                "HAS_WATER_COMPONENTS": "2"
            }
        },
        {
            "id": "ae922c49-a995-cdfe-5a2d-4a17746bc824",
            "worldPosition": {
                "x": 6742.7421875,
                "y": 7860.29931640625,