{
    "Capitals": [
        {
            "id": "e092b856-1d3f-3968-9d2b-716155b37c6a",
            "worldPosition": {
                "x": 7074.7470703125,
                "y": 5687.17041015625,
                "z": 286.61407470703127
            },
            "rotation": {
                "x": 0.06645223498344422,
                "y": 0.16042999923229218,
                "z": -0.37686994671821597,
                "w": 0.9098436236381531
            },
            "footprint": {
                "type": "Rectangle",
                "id": "e28285a1-73ab-f082-7e41-97a5f485e739",
                "width": 40.0,
                "height": 25.0
            },
            "sliceName": "slices/POIs/Damned/BlankSpace_Damned",
            "sliceAssetId": "{EB9AA609-8085-57E0-9C1E-375AD6054071}:2",
            "cookie": {
                "innerRadius": 15.0,
                "outerRadius": 20.0,
                "maxHeightBlend": 1.0,
                "edgeNoise": 0.10000000149011612,
                "edgeNoiseFeatureSize": 4.0,
                "groundNoiseScale": 1.0
            }
        },
        {
            "id": "6f4f413d-f2bf-a766-84d0-66343962b0e7",
            "worldPosition": {
                "x": 7032.76904296875,
                "y": 5564.25,
                "z": 290.38555908203127
            },
            "rotation": {
                "x": 0.0,
                "y": -0.17364782094955445,
                "z": 0.0,
                "w": 0.9848077893257141
            },
            "footprint": {
                "type": "Rectangle",
                "id": "a10c827f-3fb0-8146-602c-53f46f76ccb9",
                "width": 40.0,
                "height": 25.0
            },
            "sliceName": "slices/POIs/Damned/BlankSpace_Damned",
            "sliceAssetId": "{EB9AA609-8085-57E0-9C1E-375AD6054071}:2",
            "cookie": {
                "innerRadius": 2.0,
                "outerRadius": 6.0,
                "maxHeightBlend": 0.5,
                "edgeNoise": 0.009999999776482582,
                "edgeNoiseFeatureSize": 0.009999999776482582,
                "groundNoiseScale": 0.009999999776482582
            }
        },
        {
            "id": "1b81bf63-4e98-6cb3-4071-fd609c7c14f6",
            "worldPosition": {
                "x": 7008.0,
                "y": 5685.5,
                "z": 306.0
            },
            "rotation": {
                "x": 0.0,
                "y": 0.0,
                "z": 0.0,
                "w": 1.0
            },
            "footprint": {
                "type": "Circle",
                "id": "76f3fdca-7092-903f-2973-b30c1a7a11a9",
                "radius": 40.0
            },
            "sliceName": "slices/POIs/Damned/BlankSpace_Damned",
            "sliceAssetId": "{EB9AA609-8085-57E0-9C1E-375AD6054071}:2",
            "cookie": {
                "innerRadius": 35.0,
                "outerRadius": 40.0,
                "maxHeightBlend": 1.0,
                "edgeNoise": 0.10000000149011612,
                "edgeNoiseFeatureSize": 4.0,
                "groundNoiseScale": 1.0
            }
        },
        {
            "id": "494257b2-3c58-6e03-f82c-534da46a83b7",
            "worldPosition": {
                "x": 6968.66162109375,
                "y": 5534.65234375,
                "z": 269.80572509765627
            },
            "rotation": {
                "x": 0.01716013066470623,
                "y": -0.0031802558805793525,
                "z": -0.18220748007297517,
                "w": 0.9831052422523499
            },
            "footprint": {
                "type": "Rectangle",
                "id": "3653704a-3ca8-a4aa-dcd6-48a7f8c9f7cb",
                "width": 40.0,
                "height": 20.0
            },
            "sliceName": "slices/POIs/Damned/BlankSpace_Damned",
            "sliceAssetId": "{EB9AA609-8085-57E0-9C1E-375AD6054071}:2"
        },
        {
            "id": "57705e5a-8fad-e9f5-48ec-f53b129a1660",
            "worldPosition": {
                "x": 7005.5,
                "y": 5598.75,
                "z": 289.5
            },
            "rotation": {
                "x": 0.0,
                "y": 0.0,
                "z": 0.0,
                "w": 1.0
            },
            "footprint": {
                "type": "Circle",
                "id": "0abddd38-90df-66b6-84ee-a9f3c61e2aa1",
                "radius": 40.0
            },
            "sliceName": "slices/POIs/Damned/BlankSpace_Damned",
            "sliceAssetId": "{EB9AA609-8085-57E0-9C1E-375AD6054071}:2",
            "cookie": {
                "innerRadius": 35.0,
                "outerRadius": 40.0,
                "maxHeightBlend": 1.0,
                "edgeNoise": 0.10000000149011612,
                "edgeNoiseFeatureSize": 4.0,
                "groundNoiseScale": 1.0
            }
        },
        {
            "id": "2cac6bba-ab59-c178-47ad-997bffafa2e7",
            "worldPosition": {
                "x": 7081.5283203125,
                "y": 5509.63330078125,
                "z": 329.50872802734377
            },
            "rotation": {
                "x": 0.17247767746448518,
                "y": -0.24632391333580018,
                "z": -0.7812392115592957,
                "w": 0.547029435634613
            },
            "footprint": {
                "type": "Rectangle",
                "id": "a9047600-dcc0-27be-1025-c036b200efd3",
                "width": 20.0,
                "height": 40.0
            },
            "sliceName": "slices/POIs/Damned/BlankSpace_Damned",
            "sliceAssetId": "{EB9AA609-8085-57E0-9C1E-375AD6054071}:2"
        },
        {
            "id": "4ded0609-3e3b-ae86-9e20-d698e648a8ba",
            "worldPosition": {
                "x": 6952.3583984375,
                "y": 5488.85302734375,
                "z": 256.9374084472656
            },
            "rotation": {
                "x": 0.01716012880206108,
                "y": -0.0031802563462406399,
                "z": -0.18220748007297517,
                "w": 0.9831052422523499
            },
            "footprint": {
                "type": "Rectangle",
                "id": "37fe3554-d167-0f2e-3ea9-519c6e931972",
                "width": 20.0,
                "height": 20.0
            },
            "sliceName": "slices/POIs/Damned/BlankSpace_Damned",
            "sliceAssetId": "{EB9AA609-8085-57E0-9C1E-375AD6054071}:2"
        },
        {
            "id": "e4c9d98e-8f88-6d16-b21b-ed584831fdd5",
            "worldPosition": {
                "x": 7118.35400390625,
                "y": 5499.09521484375,
                "z": 343.3876037597656
            },
            "rotation": {
                "x": 0.0,
                "y": 0.0,
                "z": 0.0,
                "w": 1.0
            },
            "footprint": {
                "type": "Circle",
                "id": "c78fefc7-c49f-0685-841f-db7d814dedb5",
                "radius": 30.0
            },
            "sliceName": "slices/POIs/Damned/BlankSpace_Damned",
            "sliceAssetId": "{EB9AA609-8085-57E0-9C1E-375AD6054071}:2",
            "params": {
                "FOOTPRINT_MESH_PATH": "/Assets/Objects/POIs/Terrain/Footprints/Claims/Footprint_Claim_30m.obj"
            }
        },
        {
            "id": "cbf02850-e48c-80a7-9603-ef7ba107d6ac",
            "worldPosition": {
                "x": 6974.99951171875,
                "y": 5560.5,
                "z": 278.4999694824219
            },
            "rotation": {
                "x": 0.0,
                "y": 0.0,
                "z": 0.0,
                "w": 1.0
            },
            "footprint": {
                "type": "Circle",
                "id": "5b85d555-55bd-68d0-27ba-4027ed7ba82c",
                "radius": 20.0
            },
            "sliceName": "slices/POIs/Damned/BlankSpace_Damned",
            "sliceAssetId": "{EB9AA609-8085-57E0-9C1E-375AD6054071}:2",
            "cookie": {
                "innerRadius": 15.0,