{
    "Capitals": [
        {
            "id": "e675f5fc-3647-5f4e-dc5d-06ecfa70b0a6",
            "worldPosition": {
                "x": 6359.4765625,
                "y": 4540.56494140625,
                "z": 234.73422241210938
            },
            "rotation": {
                "x": 0.0,
                "y": 0.0,
                "z": 0.0,
                "w": 1.0
            },
            "footprint": {
                "type": "Rectangle",
                "id": "61ac6d0d-d7d3-4c6a-4a7d-0c25526b869b",
                "width": 20.0,
                "height": 30.0
            },
            "sliceName": "slices/POIs/Damned/BlankSpace_Damned",
            "sliceAssetId": "{EB9AA609-8085-57E0-9C1E-375AD6054071}:2"
        },
        {
            "id": "00db7ec9-6a20-83ad-c84b-679e9ef81bf9",
            "worldPosition": {
                "x": 6370.109375,
                "y": 4602.7822265625,
                "z": 237.11683654785157
            },
            "rotation": {
                "x": 0.0,
                "y": 0.0,
                "z": 0.0,
                "w": 1.0
            },
            "footprint": {
                "type": "Circle",
                "id": "2fd9f4b5-adc6-f599-2b0e-20056500fa1c",
                "radius": 10.0
            },
            "sliceName": "slices/POIs/Damned/BlankSpace_Damned",
            "sliceAssetId": "{EB9AA609-8085-57E0-9C1E-375AD6054071}:2"
        },
        {
            "id": "223cfbc5-e9a1-5946-36d9-f8fb8d74f368",
            "worldPosition": {
                "x": 6366.544921875,
                "y": 4550.10498046875,
                "z": 231.6591033935547
            },
            "rotation": {
                "x": 0.0,
                "y": 0.0,
                "z": -0.7071065902709961,
                "w": 0.7071069478988648
            },
            "footprint": {
                "type": "Rectangle",
                "id": "bf8bcc2a-566f-e625-434c-55d1c67516b7",
                "width": 32.0,
                "height": 16.0
            },
            "sliceName": "slices/POIs/Damned/BlankSpace_Damned",
            "sliceAssetId": "{EB9AA609-8085-57E0-9C1E-375AD6054071}:2",
            "cookie": {
                "innerRadius": 2.0,
                "outerRadius": 4.0,
                "maxHeightBlend": 0.75,
                "edgeNoise": 0.009999999776482582,
                "edgeNoiseFeatureSize": 0.009999999776482582,
                "groundNoiseScale": 0.009999999776482582
            }
        },
        {
            "id": "179ec7fe-f2c3-991f-a512-076053f3cfec",
            "worldPosition": {
                "x": 6351.48388671875,
                "y": 4559.7119140625,
                "z": 231.6591033935547
            },
            "rotation": {
                "x": 0.0,
                "y": 0.0,
                "z": -0.7071065902709961,
                "w": 0.7071069478988648
            },
            "footprint": {
                "type": "Rectangle",
                "id": "a19aaa61-b709-a98b-0304-0855cb0d8ddf",
                "width": 8.0,
                "height": 4.0
            },
            "sliceName": "slices/POIs/Damned/BlankSpace_Damned",
            "sliceAssetId": "{EB9AA609-8085-57E0-9C1E-375AD6054071}:2"
        },
        {
            "id": "70982516-4851-f5a8-40a5-0d01d2dcfdf3",
            "worldPosition": {
                "x": 6342.39794921875,
                "y": 4580.32568359375,
                "z": 234.73422241210938
            },
            "rotation": {
                "x": 0.0,
                "y": 0.0,
                "z": 0.0,
                "w": 1.0
            },
            "footprint": {
                "type": "Circle",
                "id": "178cf915-1cc1-0360-bc63-dc875840fe53",
                "radius": 4.0
            },
            "sliceName": "slices/POIs/Damned/BlankSpace_Damned",
            "sliceAssetId": "{EB9AA609-8085-57E0-9C1E-375AD6054071}:2"
        },
        {
            "id": "74a3ea67-2580-86f6-737b-a572307e0c4d",
            "worldPosition": {
                "x": 6367.9638671875,
                "y": 4575.95703125,
                "z": 235.9130096435547
            },
            "rotation": {
                "x": 0.0,
                "y": 0.0,
                "z": 0.0,
                "w": 1.0
            },
            "footprint": {
                "type": "Circle",
                "id": "5dcae2ea-099b-323e-1015-b9eb075d876a",
                "radius": 10.0
            },
            "sliceName": "slices/POIs/Damned/BlankSpace_Damned",
            "sliceAssetId": "{EB9AA609-8085-57E0-9C1E-375AD6054071}:2"
        },
        {
            "id": "9d4b6875-bf2e-f407-779b-5b11c103a84b",
            "worldPosition": {
                "x": 6301.6123046875,
                "y": 4632.11669921875,
                "z": 238.95245361328126
            },
            "rotation": {
                "x": 0.0,
                "y": 0.0,
                "z": 0.17364811897277833,
                "w": 0.9848077893257141
            },
            "footprint": {
                "type": "Rectangle",
                "id": "245fb057-87c8-8a22-d8b6-e6f96b75e460",
                "width": 25.0,
                "height": 3.0
            },
            "sliceName": "slices/POIs/Damned/BlankSpace_Damned",
            "sliceAssetId": "{EB9AA609-8085-57E0-9C1E-375AD6054071}:2"
        },
        {
            "id": "70311bc6-0c13-235c-5086-f8e1b86e0307",
            "worldPosition": {
                "x": 6402.5537109375,
                "y": 4546.72265625,
                "z": 233.83773803710938
            },
            "rotation": {
                "x": 0.0,
                "y": 0.0,
                "z": -0.7071065902709961,
                "w": 0.7071069478988648
            },
            "footprint": {
                "type": "Rectangle",
                "id": "e6ae427d-d018-c3fd-d334-12be4159648c",
                "width": 64.0,
                "height": 64.0
            },
            "sliceName": "slices/POIs/Damned/BlankSpace_Damned",
            "sliceAssetId": "{EB9AA609-8085-57E0-9C1E-375AD6054071}:2",
            "cookie": {
                "innerRadius": 2.0,
                "outerRadius": 4.0,
                "maxHeightBlend": 0.75,
                "edgeNoise": 0.009999999776482582,
                "edgeNoiseFeatureSize": 0.009999999776482582,
                "groundNoiseScale": 0.009999999776482582
            }
        },
        {
            "id": "cf674872-cac3-e912-5b91-060e94f006cd",
            "worldPosition": {
                "x": 6360.859375,
                "y": 4527.81591796875,
                "z": 229.60792541503907
            },
            "rotation": {
                "x": 0.0,
                "y": 0.0,
                "z": 0.0,
                "w": 1.0
            },
            "footprint": {
                "type": "Rectangle",
                "id": "daf2ba46-667d-7b4c-3e22-b298d6c2bcd7",
                "width": 30.0,
                "height": 20.0
            },
            "sliceName": "slices/POIs/Damned/BlankSpace_Damned",
            "sliceAssetId": "{EB9AA609-8085-57E0-9C1E-375AD6054071}:2",
            "cookie": {
                "innerRadius": 2.0,
                "outerRadius": 4.0,
                "maxHeightBlend": 0.75,
                "edgeNoise": 0.009999999776482582,
                "edgeNoiseFeatureSize": 0.009999999776482582,
                "groundNoiseScale": 0.009999999776482582
            }
        },
        {
            "id": "7e585cc7-430e-f28b-74bb-26d8ca4865b8",
            "worldPosition": {
                "x": 6355.0654296875,
                "y": 4573.96484375,
                "z": 234.73422241210938
            },
            "rotation": {
                "x": 0.0,
                "y": 0.0,
                "z": 0.0,
                "w": 1.0
            },
            "footprint": {
                "type": "Rectangle",